{
  "IcoMoonType": "selection",
  "icons": [
    {
      "icon": {
        "paths": [
          "M910.080 138.88v746.24h-796.16v-746.24h796.16zM910.080 32h-796.16c-62.72 0-113.92 48-113.92 106.88v746.24c0 58.88 51.2 106.88 113.92 106.88h796.16c62.72 0 113.92-48 113.92-106.88v-746.24c0-58.88-51.2-106.88-113.92-106.88z"
        ],
        "attrs": [
          {}
        ],
        "isMulticolor": false,
        "isMulticolor2": false,
        "grid": 0,
        "tags": [
          "checkbox"
        ]
      },
      "attrs": [
        {}
      ],
      "properties": {
        "order": 5,
        "id": 4,
        "name": "checkbox",
        "prevSize": 32
      },
      "setIdx": 0,
      "setId": 7,
      "iconIdx": 0
    },
    {
      "icon": {
        "paths": [
          "M853.333 170.667h-682.667c-47.218 0-85.333 38.116-85.333 85.333v512c0 46.649 38.116 85.333 85.333 85.333h682.667c46.649 0 85.333-38.684 85.333-85.333v-512c0-47.218-38.684-85.333-85.333-85.333zM836.267 352.142l-301.511 188.302c-6.467 4.063-14.33 6.473-22.756 6.473s-16.288-2.41-22.936-6.578l0.181 0.106-301.511-187.733c-11.641-6.232-19.425-18.309-19.425-32.205 0-20.108 16.301-36.409 36.409-36.409 8.174 0 15.719 2.694 21.796 7.242l-0.095-0.068 285.582 178.062 286.151-178.631c6.17-4.964 14.1-7.968 22.731-7.968 20.108 0 36.409 16.301 36.409 36.409 0 14.524-8.504 27.061-20.804 32.905l-0.221 0.094z"
        ],
        "attrs": [
          {}
        ],
        "isMulticolor": false,
        "isMulticolor2": false,
        "grid": 0,
        "tags": [
          "email"
        ]
      },
      "attrs": [
        {}
      ],
      "properties": {
        "order": 6,
        "id": 3,
        "name": "email",
        "prevSize": 32
      },
      "setIdx": 0,
      "setId": 7,
      "iconIdx": 1
    },
    {
      "icon": {
        "paths": [
          "M512 512c94.257 0 170.667-76.41 170.667-170.667s-76.41-170.667-170.667-170.667v0c-94.257 0-170.667 76.41-170.667 170.667s76.41 170.667 170.667 170.667v0zM512 597.333c-113.778 0-341.333 56.889-341.333 170.667v42.667c0 23.324 19.342 42.667 42.667 42.667h597.333c23.324 0 42.667-19.342 42.667-42.667v-42.667c0-113.778-227.556-170.667-341.333-170.667z"
        ],
        "attrs": [
          {}
        ],
        "isMulticolor": false,
        "isMulticolor2": false,
        "grid": 0,
        "tags": [
          "person"
        ]
      },
      "attrs": [
        {}
      ],
      "properties": {
        "order": 7,
        "id": 2,
        "name": "person",
        "prevSize": 32
      },
      "setIdx": 0,
      "setId": 7,
      "iconIdx": 2
    },
    {
      "icon": {
        "paths": [
          "M796.444 632.604l-104.676-11.378c-25.031-3.413-50.062 5.689-67.698 22.756l-75.662 76.231c-117.434-60.6-210.761-153.927-269.734-267.905l-1.626-3.455 76.231-76.231c17.636-17.636 26.169-42.667 23.324-67.698l-11.378-103.538c-5.004-41.206-39.77-72.82-81.92-72.82-0.2 0-0.4 0.001-0.599 0.002l0.031-0h-71.111c-46.649 0-85.333 38.684-82.489 85.333 22.897 351.724 302.499 631.325 652.145 654.114l2.078 0.108c46.649 2.844 85.333-35.84 85.333-82.489v-71.111c0-42.098-30.72-76.8-72.249-81.92z"
        ],
        "attrs": [
          {}
        ],
        "isMulticolor": false,
        "isMulticolor2": false,
        "grid": 0,
        "tags": [
          "phone"
        ]
      },
      "attrs": [
        {}
      ],
      "properties": {
        "order": 8,
        "id": 1,
        "name": "phone",
        "prevSize": 32
      },
      "setIdx": 0,
      "setId": 7,
      "iconIdx": 3
    },
    {
      "icon": {
        "paths": [
          "M1024 0l-1024 576 327.253 121.173 504.747-473.173-384 517.973v282.027l183.467-214.187 232.533 86.187 160-896z"
        ],
        "attrs": [
          {
            "fill": "rgb(255, 255, 255)"
          }
        ],
        "isMulticolor": false,
        "isMulticolor2": false,
        "grid": 0,
        "tags": [
          "send"
        ]
      },
      "attrs": [
        {
          "fill": "rgb(255, 255, 255)"
        }
      ],
      "properties": {
        "order": 9,
        "id": 0,
        "name": "send",
        "prevSize": 32
      },
      "setIdx": 0,
      "setId": 7,
      "iconIdx": 4
    }
  ],
  "height": 1024,
  "preferences": {
    "showGlyphs": true,
    "showQuickUse": true,
    "showQuickUse2": true,
    "showSVGs": true,
    "fontPref": {
      "prefix": "icon-",
      "metadata": {
        "fontFamily": "icomoon"
      },
      "metrics": {
        "emSize": 1024,
        "baseline": 6.25,
        "whitespace": 50
      },
      "embed": false
    },
    "imagePref": {
      "prefix": "",
      "png": false,
      "useClassSelector": true,
      "color": 0,
      "bgColor": 16777215,
      "classSelector": ".icon",
      "name": "icomoon",
      "height": 32,
      "columns": 16,
      "margin": 16
    },
    "historySize": 50,
    "showCodes": true,
    "gridSize": 16
  }
}